regime,method,mean_dice_difference,ci95_low,ci95_high,wilcoxon_statistic,wilcoxon_p
label_budget_25pct,compact_unet_mean_probability_four_view_tta,0.00484291015048568,0.004259943575414526,0.005447098022417385,0.0,0.0625
label_budget_25pct,uniform_distance_boundary_unet_single_view,-0.0004024291945760483,-0.0006461808883646114,-0.0002449623358594222,0.0,0.0625
label_budget_25pct,uniform_boundary_mean_probability_four_view_factorial_arm,0.004435777739544178,0.0036449621634427444,0.005110056809430286,0.0,0.0625
label_budget_25pct,uncertainty_gated_distance_boundary_unet_single_view,-0.0006517563622106426,-0.0008024323505756881,-0.0005058200158078785,0.0,0.0625
label_budget_25pct,compact_unet_robust_logit_consensus_four_view_tta,0.0056697490141813574,0.0049510043675534245,0.006274397394012388,0.0,0.0625
label_budget_25pct,latency_matched_wider_unet_single_view,0.011085705898722709,-0.0004004868815660645,0.01939943587892845,2.0,0.1875
label_budget_50pct,compact_unet_mean_probability_four_view_tta,0.0035778264583606447,0.00282584879172505,0.004198309617483731,0.0,0.0625
label_budget_50pct,uniform_distance_boundary_unet_single_view,-0.00020215542309209855,-0.00037789500290159596,8.655475058483297e-06,2.0,0.1875
label_budget_50pct,uniform_boundary_mean_probability_four_view_factorial_arm,0.003377848419049734,0.002539141710534909,0.0040858982540403765,0.0,0.0625
label_budget_50pct,uncertainty_gated_distance_boundary_unet_single_view,-0.00020108977353778813,-0.0004107129655893216,-6.033276901762363e-06,3.0,0.3125
label_budget_50pct,compact_unet_robust_logit_consensus_four_view_tta,0.0038570411856517104,0.003014361775923247,0.00449269241533441,0.0,0.0625
label_budget_50pct,latency_matched_wider_unet_single_view,0.009696585963583693,0.0034825421884625784,0.014347827883371255,1.0,0.125
label_budget_100pct,compact_unet_mean_probability_four_view_tta,0.003087023449978199,0.002234700211621465,0.003936149908109398,0.0,0.0625
label_budget_100pct,uniform_distance_boundary_unet_single_view,-0.00016365008781522584,-0.0003083424295520887,-1.758512045495486e-05,1.0,0.125
label_budget_100pct,uniform_boundary_mean_probability_four_view_factorial_arm,0.0029090331993873787,0.0020509882835026082,0.0037670781152721487,0.0,0.0625
label_budget_100pct,uncertainty_gated_distance_boundary_unet_single_view,-0.00019956016369209183,-0.0003783528482445453,-5.2574012793882295e-05,1.0,0.125
label_budget_100pct,compact_unet_robust_logit_consensus_four_view_tta,0.0032253640569368525,0.002365303575569966,0.004085424538303739,0.0,0.0625
label_budget_100pct,latency_matched_wider_unet_single_view,0.006452417539659838,0.0030373952922158275,0.009468975789307232,0.0,0.0625
