regime,method,seed,dice_score,intersection_over_union,foreground_balanced_brier_score,lesion_centered_brier_score,negative_log_likelihood,expected_calibration_error,boundary_band_brier_score,boundary_f_score,calibration_slope,calibration_intercept,hd95,normalized_surface_dice,image_error_spearman_correlation,worst_dice_decile_identification_auroc
label_budget_25pct,compact_unet_bce_softdice_single_view,0,0.8541440027197231,0.7690893407343716,0.054879343343559546,0.10001474618911743,0.2085447758436203,0.020695679262341223,0.30058416724205017,0.28905694362221535,1.033294439315796,-0.25716322660446167,34.5121791187368,0.28896875940839944,,
label_budget_25pct,compact_unet_bce_softdice_single_view,1,0.8353743631473863,0.7490462362429693,0.0632465270330692,0.11382435262203217,0.2548215389251709,0.04529548602538665,0.31154635548591614,0.24293198549991193,0.8552260398864746,-0.8297833800315857,35.16182636179951,0.24289542256510033,,
label_budget_25pct,compact_unet_bce_softdice_single_view,2,0.8379469474173944,0.7507008701101604,0.055213915496219276,0.11192190647125244,0.2419048249721527,0.042696677479276565,0.302965372800827,0.23202600393770886,0.924155592918396,-0.7132705450057983,34.9897294665686,0.23190899976152746,,
label_budget_25pct,compact_unet_bce_softdice_single_view,3,0.8552042049031059,0.7699641396561541,0.05358623184440633,0.10408239811658859,0.20839199423789978,0.015050611868748206,0.3049616813659668,0.2612205295042977,1.015064001083374,-0.17587114870548248,26.26991518894246,0.2612476055501891,,
label_budget_25pct,compact_unet_bce_softdice_single_view,4,0.8391691407407452,0.7521506423798374,0.05912254718783506,0.10550305992364883,0.22011291980743408,0.01757585922442488,0.3048071265220642,0.241737114011168,0.9747336506843567,-0.24114781618118286,33.59414694306432,0.2416760279119953,,
label_budget_25pct,compact_unet_mean_probability_four_view_tta,0,0.8594091752853907,0.7767107292221151,0.05200364160668449,0.09584903717041016,0.19615785777568817,0.021002491809386854,0.29118093848228455,0.2988880696845401,1.1211198568344116,-0.20098866522312164,29.637093614931203,0.2988607821286298,0.6743382202207365,0.9297731131347431
label_budget_25pct,compact_unet_mean_probability_four_view_tta,1,0.8392088588068298,0.7548991496008937,0.060793924329699184,0.11005619913339615,0.24461881816387177,0.04533053572017338,0.3046230971813202,0.24728733709507034,0.8947727680206299,-0.7990067601203918,29.34980071788773,0.2473249508370834,0.4705140159104886,0.9157277357616916
label_budget_25pct,compact_unet_mean_probability_four_view_tta,2,0.8424780057504689,0.7565113669964686,0.05200777703399787,0.1077125146985054,0.2254832684993744,0.04254462501954594,0.29703259468078613,0.23653019123077365,1.0025471448898315,-0.6748008728027344,30.282018462241886,0.23645634804983642,0.5621723614224656,0.8998302207130731
label_budget_25pct,compact_unet_mean_probability_four_view_tta,3,0.8610544535162667,0.7782862086837927,0.05027574922098216,0.09901206940412521,0.19808952510356903,0.01723045747470502,0.2946292757987976,0.2672217634248767,1.0768251419067383,-0.14417272806167603,22.82935927149236,0.26723811797434727,0.5063924102252112,0.9315480784071616
label_budget_25pct,compact_unet_mean_probability_four_view_tta,4,0.8439027163218271,0.7590485410940198,0.05589630603200527,0.10129303485155106,0.20595572888851166,0.017741015218011955,0.29683881998062134,0.24386506622490886,1.0582882165908813,-0.20801901817321777,31.462412417954493,0.24383342256830012,0.42173794204067777,0.8237382312085197
label_budget_25pct,uniform_distance_boundary_unet_single_view,0,0.8538980501169415,0.76869293760997,0.05466387989024059,0.10050003975629807,0.20867754518985748,0.020673921712733266,0.300807386636734,0.2865156228335903,1.033808946609497,-0.2538658380508423,34.340936464465855,0.2864364322142671,,
label_budget_25pct,uniform_distance_boundary_unet_single_view,1,0.8344922811722707,0.7478268772033704,0.06312873813822512,0.11451210826635361,0.25460803508758545,0.04554956886458739,0.3113553524017334,0.2384372828020637,0.857813835144043,-0.8296604752540588,35.0982985008089,0.2383966959213673,,
label_budget_25pct,uniform_distance_boundary_unet_single_view,2,0.8377335630297874,0.7502555177982075,0.055192459232141916,0.11257735639810562,0.2424008995294571,0.04223874362573193,0.30330100655555725,0.2293568350061234,0.9245607852935791,-0.7046495676040649,34.6313313943791,0.22923761202603335,,
label_budget_25pct,uniform_distance_boundary_unet_single_view,3,0.8548654989894113,0.7694793426392385,0.05363521152384835,0.10425733029842377,0.2085346281528473,0.01477599053562832,0.30485427379608154,0.26012031361709137,1.0154584646224976,-0.1699216067790985,26.218756334140863,0.26014801809252736,,
label_budget_25pct,uniform_distance_boundary_unet_single_view,4,0.8388371196470638,0.7517317839600833,0.05894032285713387,0.10588178038597107,0.2198328971862793,0.017299616634189843,0.3045828342437744,0.2396098706870891,0.9760318398475647,-0.24091410636901855,33.46399461461659,0.2395721732856391,,
label_budget_25pct,uniform_boundary_mean_probability_four_view_factorial_arm,0,0.8590397838900425,0.7761341797311739,0.05187664362712515,0.0963970348238945,0.1964830756187439,0.02110996560348352,0.2916285991668701,0.29593457308115484,1.1198996305465698,-0.19960567355155945,29.613917653473298,0.2959109546074149,0.6738726764139901,0.9310850439882699
label_budget_25pct,uniform_boundary_mean_probability_four_view_factorial_arm,1,0.8383788442818128,0.7537373546904321,0.06069014221921288,0.11077563464641571,0.2445828914642334,0.04558985809773233,0.30450233817100525,0.2438250774070264,0.8968852162361145,-0.7998098731040955,29.320542021066615,0.2438515323729182,0.46234980591319985,0.9152647013427998
label_budget_25pct,uniform_boundary_mean_probability_four_view_factorial_arm,2,0.8422625336610094,0.7559990547692859,0.05201557629783503,0.10841289162635803,0.2261860966682434,0.04208768555000817,0.2974383533000946,0.2335385103196219,1.0017735958099365,-0.6661643385887146,30.007595514395984,0.23348591417593054,0.5561077275422505,0.8990584966815867
label_budget_25pct,uniform_boundary_mean_probability_four_view_factorial_arm,3,0.8608284086515373,0.7779429837234844,0.05034586079762683,0.09917433559894562,0.19832256436347961,0.017232696073384367,0.29458552598953247,0.2658162596868397,1.0765621662139893,-0.13850370049476624,22.798378615298944,0.2658271144316245,0.5051507396459486,0.9308535267788238
label_budget_25pct,uniform_boundary_mean_probability_four_view_factorial_arm,4,0.8435079771416738,0.7584888728505105,0.05576330755215561,0.10175289213657379,0.20591740310192108,0.017447191243458487,0.2967989444732666,0.24135598194593566,1.0585408210754395,-0.20936860144138336,31.433436364579855,0.24131859581445692,0.42403634415854935,0.8249729896588981
label_budget_25pct,uncertainty_gated_distance_boundary_unet_single_view,0,0.853658800140713,0.7683790837936066,0.05463632686545281,0.10055109113454819,0.20889481902122498,0.020646012726222525,0.30072489380836487,0.28606931729026863,1.0339025259017944,-0.2559572160243988,34.782818509470374,0.28599939086490794,,
label_budget_25pct,uncertainty_gated_distance_boundary_unet_single_view,1,0.8345237153939908,0.7479002278031,0.06316163210507905,0.11434930562973022,0.25443699955940247,0.04521308525987972,0.3111978769302368,0.23917126159207797,0.8576781749725342,-0.8252943158149719,35.52449633290249,0.2391340222102488,,
label_budget_25pct,uncertainty_gated_distance_boundary_unet_single_view,2,0.8370655097781166,0.7494216776529009,0.05515595150762545,0.11280202865600586,0.24284791946411133,0.042901839339648716,0.3030114471912384,0.22805467241461902,0.9251700043678284,-0.7123932838439941,34.963355135526854,0.22793485839966418,,
label_budget_25pct,uncertainty_gated_distance_boundary_unet_single_view,3,0.8546870038214565,0.7692651577653635,0.053494581893715504,0.10427512973546982,0.208629310131073,0.01489417292334973,0.3046644926071167,0.25940667906229703,1.0151066780090332,-0.17668230831623077,26.230471484739066,0.25944067791521436,,
label_budget_25pct,uncertainty_gated_distance_boundary_unet_single_view,4,0.8386448479830249,0.7515161249634478,0.058887618488207026,0.10584951192140579,0.21978777647018433,0.01732592230697903,0.3042984902858734,0.23973460607283298,0.9762160181999207,-0.2424096167087555,33.60644166663726,0.23968613235988084,,
label_budget_25pct,compact_unet_robust_logit_consensus_four_view_tta,0,0.860166773100242,0.7777794210084291,0.05394351028402319,0.0974825844168663,0.2003544569015503,0.02069762051435224,0.2979189157485962,0.30655519841623036,1.07333242893219,-0.12337169051170349,28.711988859739034,0.30649364880733976,0.6764492585906278,0.9313165611977158
label_budget_25pct,compact_unet_robust_logit_consensus_four_view_tta,1,0.8398261278229335,0.7559221408811789,0.06201921283982517,0.11107617616653442,0.2469424456357956,0.03983563724347028,0.30984050035476685,0.25291388701875495,0.8689854741096497,-0.7453333735466003,28.35524775840028,0.25289747323184547,0.47514410476499075,0.9177342182435562
label_budget_25pct,compact_unet_robust_logit_consensus_four_view_tta,2,0.8444214296211096,0.7591520998038795,0.0534539413724419,0.10847631841897964,0.229253888130188,0.03560857466184182,0.30234864354133606,0.24224808267722067,0.9570227265357971,-0.6043924689292908,30.289588691615492,0.24211287870402057,0.5633525326068027,0.9019138755980861
label_budget_25pct,compact_unet_robust_logit_consensus_four_view_tta,3,0.8614043309941622,0.7789955568690223,0.05252014337313954,0.10031028091907501,0.2025504857301712,0.014101941432937371,0.3015354871749878,0.27665009877914404,1.0342540740966797,-0.07269319891929626,23.0334728845964,0.2766496220288369,0.5192281495294965,0.9384935946905386
label_budget_25pct,compact_unet_robust_logit_consensus_four_view_tta,4,0.8443687424608144,0.7596900859828983,0.05817761502933927,0.10355973243713379,0.2117874175310135,0.015674150366898624,0.30399614572525024,0.2508108773368618,1.0074504613876343,-0.12452778965234756,30.746357295704975,0.2507611484700348,0.4346175465047844,0.8173329217471832
label_budget_25pct,latency_matched_wider_unet_single_view,0,0.8435607779854809,0.7598753339180478,0.060774129510692526,0.1042838990688324,0.21467366814613342,0.02666293152239233,0.29919883608818054,0.2969410163484164,0.9603995680809021,-0.41250041127204895,32.80525099919358,0.2968250334580185,,
label_budget_25pct,latency_matched_wider_unet_single_view,1,0.8502479830448345,0.7687025424440946,0.06084909043975155,0.10202069580554962,0.20945250988006592,0.026925543287857807,0.2956139147281647,0.29814336312704226,0.9776477217674255,-0.38732296228408813,25.894405647159903,0.29806473831257374,,
label_budget_25pct,latency_matched_wider_unet_single_view,2,0.8595231559322665,0.7787317908157804,0.058036324141748585,0.09728576987981796,0.20631563663482666,0.03493597750333676,0.2938404679298401,0.30844143615406877,0.9425572156906128,-0.6644591689109802,26.110491147067663,0.30837320786518596,,
label_budget_25pct,latency_matched_wider_unet_single_view,3,0.8652805594849164,0.7832747107318717,0.051266563596759275,0.09979299455881119,0.20043101906776428,0.03052658300739486,0.3021109700202942,0.2961861466378789,0.9140691757202148,-0.5990248918533325,24.78602486864271,0.2962029663099885,,
label_budget_25pct,latency_matched_wider_unet_single_view,4,0.8586547119744702,0.7791567207047153,0.05394867663996633,0.09605496376752853,0.19491153955459595,0.02151825648151167,0.2866787016391754,0.29498928356996174,0.9667177796363831,-0.39435938000679016,26.56290485174417,0.2949957502068113,,
label_budget_50pct,compact_unet_bce_softdice_single_view,0,0.8717292456658203,0.7939860619564956,0.0542507672063161,0.09237068146467209,0.18291546404361725,0.020561506022780795,0.2901723086833954,0.3404953038397901,0.9931777119636536,-0.341602623462677,25.05944764686863,0.3404007072340214,,
label_budget_50pct,compact_unet_bce_softdice_single_view,1,0.8616350010867972,0.781933607974507,0.056760939757160275,0.10073808580636978,0.20567156374454498,0.027041301173624417,0.30081602931022644,0.29221531017949737,0.9140613675117493,-0.5303218960762024,23.639603692938415,0.2921974916360322,,
label_budget_50pct,compact_unet_bce_softdice_single_view,2,0.8671142631362322,0.7891490521529736,0.05068842778080647,0.09633105993270874,0.19516277313232422,0.032036909983379054,0.2950736880302429,0.3105397759839052,0.9068875908851624,-0.7109213471412659,23.242896616409563,0.3104360854092499,,
label_budget_50pct,compact_unet_bce_softdice_single_view,3,0.8750593197769064,0.7981839053623132,0.04847082297875494,0.0916418507695198,0.16795749962329865,0.013355435549499813,0.2952154278755188,0.3241676983586649,1.0205954313278198,-0.13011647760868073,20.43357902682517,0.32411555251223795,,
label_budget_50pct,compact_unet_bce_softdice_single_view,4,0.868279949166276,0.7896841587445367,0.05460140631733202,0.09324345737695694,0.18272550404071808,0.017474739017022435,0.2969728410243988,0.3128714958060779,0.9619662761688232,-0.28612107038497925,25.579907630659747,0.31277678985706703,,
label_budget_50pct,compact_unet_mean_probability_four_view_tta,0,0.8756348176497908,0.8000737943496574,0.051771185935860733,0.08835850656032562,0.17103211581707,0.019953107187091527,0.2819008231163025,0.3454279338506837,1.068529486656189,-0.3232206702232361,21.745966174268617,0.3453803568314069,0.6044101017715793,0.9307763543756753
label_budget_50pct,compact_unet_mean_probability_four_view_tta,1,0.8638989927290617,0.7860744584138929,0.054679790468724315,0.09718268364667892,0.19702310860157013,0.026442693574223707,0.2940692603588104,0.29555225177832345,0.9504263997077942,-0.49385350942611694,21.6807185375155,0.2956179182339243,0.384724564269072,0.9191233215002316
label_budget_50pct,compact_unet_mean_probability_four_view_tta,2,0.8705459601840937,0.7942430976472037,0.0481172375366249,0.0915176272392273,0.18102306127548218,0.03161025051297769,0.28706082701683044,0.31181923032212405,0.9744927883148193,-0.6776763200759888,22.269898226060274,0.3117688990492891,0.4668941482995087,0.8861707053557648
label_budget_50pct,compact_unet_mean_probability_four_view_tta,3,0.8787112016836881,0.8041465701801607,0.0455575157337795,0.08723590523004532,0.1567012071609497,0.01595391116992248,0.28548067808151245,0.33258723557242725,1.0917142629623413,-0.09496846050024033,19.617096004668934,0.33256559768910804,0.4538866956308978,0.8941194628800739
label_budget_50pct,compact_unet_mean_probability_four_view_tta,4,0.8729159388772012,0.7961865187572399,0.051272494193795565,0.08908962458372116,0.1696534901857376,0.016353164601899603,0.2882201373577118,0.320890319511416,1.039214015007019,-0.2569783329963684,22.945793318147125,0.3208334188567372,0.39849381589417693,0.808303750578793
label_budget_50pct,uniform_distance_boundary_unet_single_view,0,0.8716179410356685,0.7938368339755691,0.054191971883315364,0.09262985736131668,0.18317554891109467,0.02066501971428137,0.2903648614883423,0.339613203294691,0.9934492707252502,-0.33883050084114075,24.96224614782395,0.3395142585840516,,
label_budget_50pct,uniform_distance_boundary_unet_single_view,1,0.8612331920091623,0.781384134243495,0.05677738881947615,0.10104209184646606,0.2056170105934143,0.026801451581577852,0.3006186783313751,0.2902296787484766,0.9150971174240112,-0.525645911693573,23.574501127836513,0.29022321520566535,,
label_budget_50pct,uniform_distance_boundary_unet_single_view,2,0.86671176354892,0.7885689201751029,0.05046206867287923,0.09664449840784073,0.19549794495105743,0.03208238082721741,0.2954653203487396,0.3074108969301828,0.9071056842803955,-0.7071005702018738,23.262054657901448,0.3073137988542722,,
label_budget_50pct,uniform_distance_boundary_unet_single_view,3,0.8752450136411586,0.7982214501426539,0.04839884986152435,0.091739222407341,0.1680361032485962,0.013353292790778107,0.29510700702667236,0.3227612805354148,1.0204700231552124,-0.13285095989704132,20.419370256335746,0.32270932485965054,,
label_budget_50pct,uniform_distance_boundary_unet_single_view,4,0.8679990914816624,0.7892796895392272,0.054396535480016536,0.09353159368038177,0.18274033069610596,0.01751590698914569,0.296869695186615,0.3108810273775998,0.9618323445320129,-0.29060977697372437,25.464903660598807,0.3107983882086219,,
label_budget_50pct,uniform_boundary_mean_probability_four_view_factorial_arm,0,0.8753772230517887,0.7997371666720801,0.051726752597258716,0.08862084895372391,0.17131540179252625,0.020012292647246622,0.28211840987205505,0.3441262965607098,1.068613886833191,-0.32033002376556396,21.576853750429358,0.34408464687950435,0.6018996479765817,0.930622009569378
label_budget_50pct,uniform_boundary_mean_probability_four_view_factorial_arm,1,0.8634283587383598,0.7854555880624093,0.054736060642030356,0.0975225567817688,0.19704923033714294,0.026226766326065326,0.2939034104347229,0.29325013466940947,0.9512345194816589,-0.4895889163017273,21.925907456070693,0.2933075695392827,0.3788349501722644,0.9141071152955703
label_budget_50pct,uniform_boundary_mean_probability_four_view_factorial_arm,2,0.8701714132518332,0.7937272848567868,0.04793070507233368,0.09187762439250946,0.18158602714538574,0.03158549431501773,0.28758540749549866,0.3095306235833077,0.9732731580734253,-0.6741440296173096,22.39557484911618,0.3095013637974573,0.46301373486486663,0.8865565673715079
label_budget_50pct,uniform_boundary_mean_probability_four_view_factorial_arm,3,0.8791915912366373,0.8043379221985095,0.045465130604665956,0.08724289387464523,0.1567693054676056,0.015971443101148893,0.28527921438217163,0.33140175580216163,1.0917482376098633,-0.09676340967416763,19.54660106499818,0.3313918165565688,0.4506353835335921,0.9065442197870042
label_budget_50pct,uniform_boundary_mean_probability_four_view_factorial_arm,4,0.872538434648662,0.7956323111410185,0.051102054368036165,0.08939570933580399,0.16973596811294556,0.016433023182401144,0.2882186472415924,0.3192415284242187,1.038452386856079,-0.2629376947879791,22.94867915659054,0.3191838470136449,0.398507041570505,0.808921129803982
label_budget_50pct,uncertainty_gated_distance_boundary_unet_single_view,0,0.8717331325560873,0.7940077520157012,0.05429660084001268,0.09250228106975555,0.18305009603500366,0.020533280065975764,0.2902084290981293,0.340478992586574,0.9937106370925903,-0.3344454765319824,24.93817364492291,0.34037732025135026,,
label_budget_50pct,uncertainty_gated_distance_boundary_unet_single_view,1,0.8613303957273322,0.7815080633508401,0.05656765518085859,0.10089556872844696,0.2055029571056366,0.0269398680194661,0.3003462553024292,0.2903432166601977,0.9155058860778809,-0.5285666584968567,23.637191715681592,0.29034023739036413,,
label_budget_50pct,uncertainty_gated_distance_boundary_unet_single_view,2,0.8665299810166494,0.788321105366067,0.05049447762340032,0.09676089137792587,0.19551599025726318,0.03218318690143346,0.2953023910522461,0.3066882355725893,0.9079440832138062,-0.709628164768219,23.34172195876046,0.30658576758097505,,
label_budget_50pct,uncertainty_gated_distance_boundary_unet_single_view,3,0.8751418278907717,0.7981045686316686,0.04835792129495645,0.09175417572259903,0.1680573672056198,0.013351470866449035,0.29503554105758667,0.32262299806882955,1.0203685760498047,-0.13402190804481506,20.419581385558015,0.322592734860672,,
label_budget_50pct,uncertainty_gated_distance_boundary_unet_single_view,4,0.8680769927735028,0.7894338735882196,0.054238038703966346,0.09335403889417648,0.18252426385879517,0.017521634010731035,0.2965923249721527,0.3113687684147867,0.9622829556465149,-0.29091402888298035,25.398347152482458,0.3112966179903052,,
label_budget_50pct,compact_unet_robust_logit_consensus_four_view_tta,0,0.8754428166426103,0.7997949864819792,0.05420816731135457,0.09054677933454514,0.17615407705307007,0.018388465851661855,0.289487361907959,0.34842035398662635,1.0173250436782837,-0.2479727417230606,21.65826280209568,0.34838170235062643,0.6148092306403652,0.9253742861552708
label_budget_50pct,compact_unet_robust_logit_consensus_four_view_tta,1,0.8638778778480452,0.7863129448900965,0.05673345461939916,0.09858206659555435,0.20132838189601898,0.024404268404862282,0.29970622062683105,0.3003501217916871,0.9224527478218079,-0.44264593720436096,21.64690535085557,0.3003549330660397,0.3911573128070836,0.9199722179348665
label_budget_50pct,compact_unet_robust_logit_consensus_four_view_tta,2,0.8717438707553148,0.7958241153259706,0.05001056646697204,0.0927802249789238,0.18521960079669952,0.029050461809792327,0.2938075065612793,0.31647444776426104,0.9345025420188904,-0.6105800271034241,22.569423489879075,0.3164043462685612,0.4702528088030102,0.8691156042599167
label_budget_50pct,compact_unet_robust_logit_consensus_four_view_tta,3,0.8792533740806758,0.8047005974505931,0.04790510841716562,0.08921036869287491,0.1624365597963333,0.013085990277882096,0.2937481105327606,0.3363397427386023,1.0426899194717407,-0.018527446314692497,19.564081504740066,0.33626601580418986,0.46741171309981194,0.8921129803982095
label_budget_50pct,compact_unet_robust_logit_consensus_four_view_tta,4,0.8727850454336448,0.7957496785463025,0.05343995300197782,0.09103256464004517,0.17493709921836853,0.015317084985300254,0.29582875967025757,0.3223708839749492,0.9902507662773132,-0.1713641732931137,23.031815336797557,0.32226329145967,0.41472216160453895,0.8070689921284149
label_budget_50pct,latency_matched_wider_unet_single_view,0,0.8693222940056023,0.7931810018124714,0.055703433432633495,0.09241880476474762,0.18179747462272644,0.023434444330578095,0.28429144620895386,0.354847630207811,0.9771230220794678,-0.4610047936439514,25.45551590974662,0.35472942277562103,,
label_budget_50pct,latency_matched_wider_unet_single_view,1,0.878169650940851,0.8053269815181117,0.05469260965400231,0.08775180578231812,0.17507003247737885,0.01723505061403015,0.28274187445640564,0.3513568335253038,0.9623346328735352,-0.29085424542427063,20.26099954056087,0.35136420663748824,,
label_budget_50pct,latency_matched_wider_unet_single_view,2,0.8794310460977156,0.8061720187793725,0.05312524476803662,0.08799110352993011,0.17166684567928314,0.02338966033556759,0.2850852310657501,0.3651635291688272,0.926954448223114,-0.4752999246120453,20.60473844840827,0.36504279319110533,,
label_budget_50pct,latency_matched_wider_unet_single_view,3,0.883921240065873,0.8101770649048788,0.04977249042106434,0.08792563527822495,0.16209536790847778,0.024426048572191165,0.28854289650917053,0.3474616725965093,0.9358429908752441,-0.5259284377098083,19.462176121698263,0.347405487944332,,
label_budget_50pct,latency_matched_wider_unet_single_view,4,0.8814564775399087,0.8076815616722826,0.05113763139413616,0.08686085790395737,0.16478657722473145,0.015096692256392543,0.2862585783004761,0.35578218514786664,0.949518620967865,-0.27422213554382324,20.651476435031114,0.3557889976505441,,
label_budget_100pct,compact_unet_bce_softdice_single_view,0,0.8918619667485346,0.821293057330311,0.04873437841243472,0.07903088629245758,0.15509037673473358,0.019614845240423794,0.27340367436408997,0.37829377414145243,1.0115861892700195,-0.3667973577976227,19.23490775614746,0.37824289512463916,,
label_budget_100pct,compact_unet_bce_softdice_single_view,1,0.8844890843277409,0.8121572070100711,0.05117075982759154,0.08426880836486816,0.15686406195163727,0.015160313952247217,0.2855361998081207,0.35875568494510574,0.9547085165977478,-0.27451077103614807,18.56094465648344,0.35870484367477545,,
label_budget_100pct,compact_unet_bce_softdice_single_view,2,0.8889479547076287,0.8185192154383348,0.049012205305467495,0.08061757683753967,0.15184877812862396,0.020029733707524422,0.2777993083000183,0.37888186082663233,0.9442120790481567,-0.45013853907585144,18.485986806792617,0.3787554524033637,,
label_budget_100pct,compact_unet_bce_softdice_single_view,3,0.8935148323241268,0.822971039396628,0.04740152018093123,0.07971981912851334,0.14407722651958466,0.010132762589471886,0.27685949206352234,0.3925933107512722,1.0072710514068604,-0.041518453508615494,17.86492532925162,0.3925016527413664,,
label_budget_100pct,compact_unet_bce_softdice_single_view,4,0.8946165448694963,0.82406868802297,0.04823925134131198,0.07833070307970047,0.1467791646718979,0.01663794049871883,0.2777217924594879,0.3761630423735298,0.9961293935775757,-0.3392074704170227,18.353032581434373,0.37605051527394834,,
label_budget_100pct,compact_unet_mean_probability_four_view_tta,0,0.8937722225194468,0.824970342940014,0.04774946643538419,0.07615464180707932,0.1481856107711792,0.018913542239613165,0.2657364308834076,0.38834208273621096,1.0617821216583252,-0.35012495517730713,17.044079698339317,0.3883734741174379,0.45855910664964955,0.8258218860935329
label_budget_100pct,compact_unet_mean_probability_four_view_tta,1,0.8863459354887507,0.8154279400924662,0.049213344721482345,0.08114976435899734,0.14946869015693665,0.015747990221030846,0.27885010838508606,0.3645646680448062,0.9955684542655945,-0.24784742295742035,17.478515123872388,0.36458387002773995,0.37353674423525834,0.8393270566445439
label_budget_100pct,compact_unet_mean_probability_four_view_tta,2,0.8926406465117942,0.823789585276138,0.04647761199065536,0.07608719915151596,0.13925142586231232,0.019031937924877805,0.26921674609184265,0.3870591975947035,1.015899896621704,-0.41935786604881287,17.61886243921531,0.3869916029154124,0.32724996307832027,0.7864639604877296
label_budget_100pct,compact_unet_mean_probability_four_view_tta,3,0.8978348797425393,0.8288645578176881,0.045437798133159256,0.07630080729722977,0.1364905685186386,0.011526869778394922,0.26900428533554077,0.40353412057962107,1.0606930255889893,-0.004648246336728334,16.284086170869685,0.40342791126635974,0.41700601547844984,0.8379379533878685
label_budget_100pct,compact_unet_mean_probability_four_view_tta,4,0.8982718159648871,0.8293462434169958,0.045686597605346456,0.07474172115325928,0.13815011084079742,0.015017149184109947,0.27083882689476013,0.37949390643742187,1.0549954175949097,-0.3132873773574829,16.24268472573194,0.37945401017656955,0.2941156761737237,0.7565210680660596
label_budget_100pct,uniform_distance_boundary_unet_single_view,0,0.8916657712198058,0.8210122501554821,0.04889673671665501,0.07920850813388824,0.15566255152225494,0.019789122533144216,0.27389952540397644,0.3780342823163244,1.010130524635315,-0.3641510605812073,19.215167439580426,0.37799098875230835,,
label_budget_100pct,uniform_distance_boundary_unet_single_view,1,0.8845442177509392,0.8122383690609658,0.05150169574552385,0.08417423069477081,0.1573055535554886,0.01506864584843435,0.28538888692855835,0.3606334951199704,0.9543026089668274,-0.26731911301612854,18.46950868155747,0.3606017702640636,,
label_budget_100pct,uniform_distance_boundary_unet_single_view,2,0.8885184926156651,0.8179474330321493,0.0490541107876418,0.08103867620229721,0.15264961123466492,0.02065195517046489,0.27811622619628906,0.3769144574877351,0.941999077796936,-0.4731766879558563,18.352191680876462,0.37679906543731906,,
label_budget_100pct,uniform_distance_boundary_unet_single_view,3,0.8934577019809858,0.8228270817588386,0.047410185258383405,0.07986816763877869,0.1443827748298645,0.010217601185753713,0.2772854268550873,0.39139764089946333,1.0073295831680298,-0.04298548027873039,17.76779976332387,0.3913094202143562,,
label_budget_100pct,uniform_distance_boundary_unet_single_view,4,0.8944259489710551,0.8238160089098139,0.048377174632820374,0.07858812808990479,0.14735786616802216,0.016805010937476838,0.27821171283721924,0.37559646804731794,0.9934566020965576,-0.3381112813949585,18.26557234819253,0.3754769161649937,,
label_budget_100pct,uniform_boundary_mean_probability_four_view_factorial_arm,0,0.8935527092775514,0.8246725928379385,0.04792287405813727,0.07637500017881393,0.1488361954689026,0.019018352745335344,0.2662332057952881,0.38756508414217844,1.0595638751983643,-0.34676507115364075,17.05548571663603,0.38759868817190696,0.4554446803023389,0.8368575397437876
label_budget_100pct,uniform_boundary_mean_probability_four_view_factorial_arm,1,0.8862839070393564,0.8153494283344124,0.04957101353638287,0.08110315352678299,0.14992684125900269,0.015613814544838199,0.2787814140319824,0.3661806119880624,0.9949216842651367,-0.24033057689666748,17.45728296879586,0.3661896298416673,0.3661292633518713,0.8417965735453002
label_budget_100pct,uniform_boundary_mean_probability_four_view_factorial_arm,2,0.892231765643877,0.8232099482217742,0.04646369777275815,0.07645034044981003,0.13993294537067413,0.019708551601180523,0.26948317885398865,0.3848260299400229,1.0133169889450073,-0.4442618489265442,17.65190860844603,0.3847613082114466,0.32578037001033805,0.7995832690229973
label_budget_100pct,uniform_boundary_mean_probability_four_view_factorial_arm,3,0.8978748697725886,0.8288479448944426,0.045431430006797835,0.07639766484498978,0.13673333823680878,0.011630652364699227,0.2693842649459839,0.40230972750250676,1.0606900453567505,-0.006518506910651922,16.28173206690339,0.4021993750899127,0.41464875910091853,0.8367031949374903
label_budget_100pct,uniform_boundary_mean_probability_four_view_factorial_arm,4,0.8980322972410907,0.8290185632365271,0.04581737518310547,0.07496924698352814,0.13860680162906647,0.015131494193317493,0.2713214159011841,0.3783233214946103,1.0525022745132446,-0.31208086013793945,16.238842790310787,0.3782989462171623,0.29689020263940413,0.7564438956629109
label_budget_100pct,uncertainty_gated_distance_boundary_unet_single_view,0,0.8916901502767323,0.8210476484628316,0.048771339176237424,0.07915738224983215,0.15547031164169312,0.019961674412810843,0.2735201418399811,0.3777036324731613,1.0104718208312988,-0.37484127283096313,19.23680119594152,0.3776637083826203,,
label_budget_100pct,uncertainty_gated_distance_boundary_unet_single_view,1,0.8842355651611546,0.8118180506883745,0.051304171201564115,0.08446396142244339,0.15738090872764587,0.015278668274201185,0.2856510877609253,0.3576236099369833,0.9525139331817627,-0.27851971983909607,18.53365062001624,0.35757836550390754,,
label_budget_100pct,uncertainty_gated_distance_boundary_unet_single_view,2,0.8884251395388152,0.8177874143133346,0.04888279282298716,0.08110152930021286,0.1525169461965561,0.02078504021645672,0.2779904007911682,0.37598770375512014,0.9418835639953613,-0.4810800850391388,18.36728317900872,0.3758709554164431,,
label_budget_100pct,uncertainty_gated_distance_boundary_unet_single_view,3,0.8935349818810644,0.8229210783122255,0.04750202808253919,0.079815573990345,0.14453421533107758,0.010057778482471478,0.2776440978050232,0.39226171549683464,1.0083868503570557,-0.024243557825684547,17.843603116163223,0.3921675804284993,,
label_budget_100pct,uncertainty_gated_distance_boundary_unet_single_view,4,0.8945467453013002,0.8239673324691456,0.04838074800695998,0.0785723477602005,0.14726945757865906,0.016466573455520838,0.278362900018692,0.3757489911816107,0.9936158061027527,-0.325784832239151,18.211885430021255,0.3756321896968293,,
label_budget_100pct,compact_unet_robust_logit_consensus_four_view_tta,0,0.893971082639206,0.8250671671022003,0.049690623634364606,0.0773014947772026,0.1507447510957718,0.017481136082636493,0.2717852294445038,0.39026539437135116,1.0282225608825684,-0.2744410037994385,17.229636244405288,0.3902403368606286,0.466393556450493,0.8400987806760303
label_budget_100pct,compact_unet_robust_logit_consensus_four_view_tta,1,0.8864195934411615,0.815596243434597,0.05133128423295365,0.08299384266138077,0.15483838319778442,0.013089829821402206,0.2847091853618622,0.36960547469686933,0.9602153301239014,-0.18081574141979218,17.485639970806183,0.36954481393551714,0.3835922259474544,0.8395585738539898
label_budget_100pct,compact_unet_robust_logit_consensus_four_view_tta,2,0.8931842943066072,0.8242370258716455,0.04849291986621189,0.07741214334964752,0.14347000420093536,0.017799196315369574,0.27591800689697266,0.3905582584795737,0.9736038446426392,-0.35164088010787964,17.515001234754614,0.3904485849660382,0.33219636602500097,0.7779749961413799
label_budget_100pct,compact_unet_robust_logit_consensus_four_view_tta,3,0.8976184201360747,0.8283768490445279,0.047228855831305296,0.07786309719085693,0.14135131239891052,0.009473845702198534,0.2755325734615326,0.40734750513212903,1.0204943418502808,0.07909499108791351,16.33542732277868,0.40718906321677634,0.4193908253483312,0.8298348510572618
label_budget_100pct,compact_unet_robust_logit_consensus_four_view_tta,4,0.898363812739162,0.8294289096142318,0.04707074720328944,0.07576995342969894,0.14106440544128418,0.01359245914777236,0.2763550579547882,0.384865944222929,1.0176832675933838,-0.22467656433582306,16.456221228348173,0.38479218296223383,0.3007419604420021,0.7552091372125328
label_budget_100pct,latency_matched_wider_unet_single_view,0,0.8959311795387249,0.8274920824610279,0.04947643299245504,0.07823733985424042,0.14715512096881866,0.015024841498295024,0.269637793302536,0.402911895184286,0.9646085500717163,-0.3266148865222931,17.133180605333592,0.4027759408672882,,
label_budget_100pct,latency_matched_wider_unet_single_view,1,0.8944960745957108,0.8265423429738996,0.050602418842349485,0.07706519961357117,0.14426009356975555,0.012980903977163867,0.26866722106933594,0.40555997573784586,0.9582241773605347,-0.24144688248634338,16.592466723462408,0.4054663449021596,,
label_budget_100pct,latency_matched_wider_unet_single_view,2,0.8985861559531939,0.8304276675637886,0.0480516616477432,0.07442792505025864,0.13504895567893982,0.015376361420205138,0.26543617248535156,0.41113197645409744,0.9918506145477295,-0.34579402208328247,17.678953591888707,0.4109980172559723,,
label_budget_100pct,latency_matched_wider_unet_single_view,3,0.9015693282435926,0.8344865237239298,0.04755519593864345,0.07399257272481918,0.13215133547782898,0.013328295860710786,0.26963070034980774,0.4110496523446616,0.9788942933082581,-0.23421773314476013,16.246427505660737,0.41094640562763424,,
label_budget_100pct,latency_matched_wider_unet_single_view,4,0.8951097323446041,0.8263524856812426,0.04951853092727902,0.07677353918552399,0.141516774892807,0.014562271926365012,0.27092069387435913,0.3979056360301368,0.9763602614402771,-0.29396751523017883,16.858611550820942,0.3978317233759574,,
