regime,method,dice_score_mean,dice_score_std,intersection_over_union_mean,intersection_over_union_std,boundary_f_score_mean,boundary_f_score_std,normalized_surface_dice_mean,normalized_surface_dice_std,hd95_mean,hd95_std,foreground_balanced_brier_score_mean,foreground_balanced_brier_score_std,negative_log_likelihood_mean,negative_log_likelihood_std,expected_calibration_error_mean,expected_calibration_error_std
label_budget_100pct,compact_unet_bce_softdice_single_view,0.8906860765955054,0.004069918252892127,0.8198018414396631,0.004758126871727347,0.3769375346075985,0.012061328825529077,0.3768510718436186,0.012046067899690687,18.499959426021903,0.49216848794346274,0.048911623013547394,0.0014033643344959488,0.15093192160129548,0.0054211599059280245,0.01631511919767723,0.00401079402650667
label_budget_100pct,compact_unet_mean_probability_four_view_tta,0.8937731000454836,0.004826534065965805,0.8244797339086605,0.00560271294007222,0.3845987950785527,0.014195408314869864,0.3845661737007039,0.014156006351638656,16.933645631605728,0.6476795092108714,0.04691296377720552,0.0015701200613996876,0.14230928122997283,0.006047623096165752,0.016047497869605337,0.003110807546227575
label_budget_100pct,compact_unet_robust_logit_consensus_four_view_tta,0.8939114406524423,0.0047493522638012535,0.8245412390134405,0.005453973783126695,0.3885285153805705,0.013535018259570507,0.3884429963882388,0.013501273815319622,17.004385200218586,0.5681243930010987,0.04876288615362497,0.001785135189589768,0.14629377126693727,0.006175950160281997,0.014287293413875832,0.0034503653997808403
label_budget_100pct,latency_matched_wider_unet_single_view,0.8971384941351653,0.0029276218845630786,0.8290602204807778,0.003444026355325944,0.40571182715020554,0.005627381583634247,0.4056036864058023,0.005613863884636707,16.901927995433276,0.544189772149465,0.04904084806969404,0.001229031167957718,0.14002645611763,0.0062800404934371026,0.014254534936547967,0.001051977133748189
label_budget_100pct,uncertainty_gated_distance_boundary_unet_single_view,0.8904865164318133,0.00419973216359278,0.8195083048491825,0.0048990050541084735,0.37586513056874205,0.012298472202461256,0.37578255988565995,0.012282413605528257,18.438644708230193,0.5139714575115625,0.04896821585805757,0.001413998758731305,0.15143436789512635,0.005426341975225215,0.01650994696829221,0.0042819169563787585
label_budget_100pct,uniform_boundary_mean_probability_four_view_factorial_arm,0.8935951097948929,0.0048300923570343286,0.824219695505019,0.005575754862871405,0.38384095501347615,0.01321237169335549,0.3838095895064192,0.013174572280021857,16.93705043021842,0.6543368956366669,0.04704127811143632,0.0017029328435879082,0.14280722439289092,0.006120346413501952,0.01622057308987416,0.0032640154003212465
label_budget_100pct,uniform_distance_boundary_unet_single_view,0.8905224265076901,0.004028501515444351,0.8195682285834499,0.004666443475998294,0.37651526877416225,0.010920470262595008,0.37643563216660814,0.010901962069518469,18.41404798270615,0.5216263630403116,0.04904798062820489,0.0015145943791530256,0.15147167146205903,0.0054808997328462715,0.016506467135054805,0.004173343710289026
label_budget_25pct,compact_unet_bce_softdice_single_view,0.844367731785671,0.009514950383754668,0.7581902458246985,0.010411475824779816,0.25339451531506035,0.02255564288947432,0.2533393630394423,0.022563044643704316,32.90555941582234,3.759044402841211,0.05720971298101788,0.0039574456533447815,0.22675521075725555,0.02079769985738747,0.0282628627720355,0.014529996102210537
label_budget_25pct,compact_unet_mean_probability_four_view_tta,0.8492106419361567,0.010220372856735268,0.765091199119458,0.01143598340622027,0.2587584855320339,0.02514711141268863,0.2587427243116394,0.025154351874798076,28.712136896901534,3.387394878063979,0.05419547964467379,0.004224534470007663,0.214061039686203,0.020649179162028245,0.028769825048364627,0.013956408636544508
label_budget_25pct,compact_unet_robust_logit_consensus_four_view_tta,0.8500374807998524,0.009996927036151943,0.7663078609090817,0.01112921113950983,0.2658356288456424,0.026096565913666343,0.26578295424841547,0.026112295314033647,28.227331098011234,3.0751348883467955,0.056022884579753816,0.0039934721276589005,0.2181777387857437,0.019702830160885705,0.025183584843900063,0.011797447742520758
label_budget_25pct,latency_matched_wider_unet_single_view,0.8554534376843937,0.008542763008803656,0.773948219722902,0.009520474179477937,0.29894024916747364,0.005433684828841231,0.2988923392305156,0.005414371598569211,27.231815502761606,3.1834945402187063,0.05697495686578365,0.004251859885634583,0.20515687465667726,0.007708196481936887,0.028113858360498685,0.004984520924028653
label_budget_25pct,uncertainty_gated_distance_boundary_unet_single_view,0.8437159754234603,0.009665219846621012,0.7572964543956837,0.010604102107157813,0.2504873072864191,0.022872096589660034,0.2504390163499832,0.02288795905183336,33.021516625855206,3.8599954646596286,0.057067222172015965,0.003961743343604724,0.22691936492919923,0.020743727840415494,0.028196206511215943,0.014645326914036106
label_budget_25pct,uniform_boundary_mean_probability_four_view_factorial_arm,0.8488035095252151,0.01035471131645523,0.7644604891529774,0.011622116818317312,0.25609408048811566,0.025289718015908857,0.25607882228046897,0.02529544606251779,28.634774033762938,3.361906494116048,0.0541383060987911,0.0041704594044970735,0.21429840624332427,0.02062354219953072,0.028693479313613372,0.013966304134842298
label_budget_25pct,uniform_distance_boundary_unet_single_view,0.8439653025910949,0.00964811805487216,0.757597291842174,0.010583753081847988,0.25080798498919155,0.022914726362223845,0.25075818630796687,0.022924738936521562,32.750663461682265,3.6997270990562385,0.05711212232831797,0.003915031582192162,0.2268108010292053,0.020780170818155044,0.02810756827457415,0.014609204172917858
label_budget_50pct,compact_unet_bce_softdice_single_view,0.8687635557664064,0.005054757521365574,0.7905873572381652,0.006062808806983439,0.3160579168335871,0.017832747191182843,0.3159853253297217,0.017812644827376142,23.591086922740306,2.0127678395428155,0.05295447280807396,0.0033211457225961073,0.18688656091690065,0.014254520213164848,0.022093978349261304,0.007473049349368674
label_budget_50pct,compact_unet_mean_probability_four_view_tta,0.8723413822247672,0.005618027075545278,0.7961448878696309,0.006791452615813474,0.3212553942069949,0.019121638924665257,0.32123323813209315,0.01908784886924778,21.65189445213209,1.2456110928643487,0.050279644773757,0.003519454321178928,0.17508659660816192,0.01500360103601522,0.022062625409223,0.006795339243724314
label_budget_50pct,compact_unet_robust_logit_consensus_four_view_tta,0.8726205969520582,0.005683077640646839,0.7964764645389885,0.00676202371820283,0.3247911100512252,0.018466851104514456,0.3247340577898174,0.018452829400275296,21.69409769687359,1.3319313011583829,0.05245944996337384,0.0035009131548081104,0.1800151437520981,0.014413895028230057,0.020049254265899763,0.006588371859244364
label_budget_50pct,latency_matched_wider_unet_single_view,0.8784601417299902,0.005552677834701173,0.8045077257374235,0.006594512252107774,0.3549223701292636,0.006595476960484607,0.35486618163981815,0.0065642877446298485,21.286981291089027,2.378474040433339,0.052886281933974585,0.002449986833176291,0.17108325958251952,0.00792874107652825,0.02071637922175191,0.004242537183174185
label_budget_50pct,uncertainty_gated_distance_boundary_unet_single_view,0.8685624659928687,0.0052442980748052944,0.7902750725904993,0.006257394798034395,0.31430044226059545,0.018675321235647066,0.31423853561473336,0.01865058379266319,23.547003171481087,1.9489658282685243,0.05279093872863888,0.0032996242614838824,0.18693013489246368,0.014224225801161226,0.02210588797281108,0.0075007935526503556
label_budget_50pct,uniform_boundary_mean_probability_four_view_factorial_arm,0.8721414041854562,0.005918853766203227,0.7957780545861608,0.0070662245014310125,0.3195100678079615,0.01959984993714147,0.3194938487572916,0.019569977427664306,21.678723255440993,1.2984689694299727,0.05019214065686497,0.003580813473833031,0.17529118657112122,0.015023023020651139,0.022045803914375946,0.0067272296403514875
label_budget_50pct,uniform_distance_boundary_unet_single_view,0.8685614003433143,0.005278567813217502,0.7902582056152097,0.0063004001076288505,0.314179217377273,0.018376670449093923,0.3141117971424523,0.01835114667111706,23.536615170099292,1.9713418564697098,0.05284536294344233,0.003359013602708916,0.1870133876800537,0.014240855349877051,0.02208361038060009,0.007438551522504517
